{
	"events": [
		{
			"animation": "2-fade_in_up.gd",
			"animation_length": 1,
			"change_mirror_portrait": false,
			"change_z_index": false,
			"character": "character-1675894687.json",
			"event_id": "dialogic_002",
			"mirror_portrait": false,
			"portrait": "Default",
			"portrait_definition": "",
			"position": {
				"0": false,
				"1": false,
				"2": false,
				"3": false,
				"4": false
			},
			"type": 0,
			"z_index": 0
		},
		{
			"character": "character-1675894687.json",
			"event_id": "dialogic_001",
			"portrait": "",
			"text": "Olá, eu sou a Sereia! Vamos nessa!"
		}
	],
	"metadata": {
		"dialogic-version": "1.4.5",
		"file": "timeline-1675904938.json",
		"name": "teste"
	}
}
